{
    "providers": [
        {
            "type": "bitmap",
            "file": "projectbw:font/logo/logo_bw.png",
            "ascent": 5,
            "height": 30,
            "chars": [
                    "\u00F7"
                ]
        },
        {
            "type": "bitmap",
            "file": "projectbw:font/logo/logo_bw2.png",
            "ascent": 5,
            "height": 30,
            "chars": [
                    "\u00C7"
                ]
        },
        {
            "type": "bitmap",
            "file": "projectbw:font/coin/bwcoin.png",
            "ascent": 8,
            "height": 9,
            "chars": [
                    "\u00DF"
                ]
        },		
        {
            "type": "bitmap",
            "file": "projectbw:font/prefix/01.png",
            "ascent": 7,
            "height": 7,
            "chars": [
                    "\u00DE"
                ]
        },
        {
            "type": "bitmap",
            "file": "projectbw:font/prefix/02.png",
            "ascent": 7,
            "height": 7,
            "chars": [
                    "\u00FF"
                ]
        },
        {
            "type": "bitmap",
            "file": "projectbw:font/prefix/03.png",
            "ascent": 7,
            "height": 7,
            "chars": [
                    "\u00E0"
                ]
        },
        {
            "type": "bitmap",
            "file": "projectbw:font/prefix/04.png",
            "ascent": 7,
            "height": 7,
            "chars": [
                    "\u00E1"
                ]
        },
        {
            "type": "bitmap",
            "file": "projectbw:font/prefix/05.png",
            "ascent": 7,
            "height": 7,
            "chars": [
                    "\u00E3"
                ]
        },
		{
            "type": "bitmap",
            "file": "projectbw:font/prefix/06.png",
            "ascent": 7,
            "height": 7,
            "chars": [
                    "\u00D6"
                ]
        },
		{
            "type": "bitmap",
            "file": "projectbw:font/prefix/07.png",
            "ascent": 7,
            "height": 7,
            "chars": [
                    "\u00D8"
                ]
        },					
        {
            "type": "bitmap",
            "file": "projectbw:font/prefix/08.png",
            "ascent": 7,
            "height": 7,
            "chars": [
                    "\u00E5"
                ]
        }		
    ]
}